Timestamp,Country,
10/10/2020 12:23:00,Zambia
10/10/2020 12:23:00,UK
10/10/2020 12:23:00,India
10/10/2020 12:23:00,Brazil
10/10/2020 12:23:00,Zambia
10/10/2020 12:23:00,India
10/10/2020 12:23:00,USA
10/10/2020 12:23:00,Brazil
10/10/2020 12:23:00,UK
10/10/2020 12:23:00,Brazil
10/10/2020 12:23:00,Zambia
10/10/2020 12:23:00,UK
10/10/2020 12:23:00,UK
10/10/2020 12:23:00,India
10/10/2020 12:23:00,USA
10/10/2020 12:23:00,Zambia
10/10/2020 12:23:00,UK
10/10/2020 12:23:00,UK
10/10/2020 12:23:00,Brazil
10/10/2020 12:23:00,UK
10/10/2020 12:23:00,Brazil
10/10/2020 12:23:00,UK
10/10/2020 12:23:00,Zambia
10/10/2020 12:23:00,Brazil